"","V1","V2","V3","V4","V5","V6","V7","V8","V9","V10","V11","V12","V13","V14","V15","V16","V17","V18","V19","V20","V21","V22","V23","V24","V25","V26","V27","V28","V29","V30","V31"
"1",-2.6598726673014,-1.43119976564861,-1.32219269591187,-0.0352877020733677,-0.375396230286163,-1.21377010994624,-1.87028872387447,1.37143082000317,1.07591182356451,-0.960916598919479,-0.793692992839525,-1.58749105062735,0.177948537713252,1.21169445093809,-0.817197079742043,0.324109797717312,1.2896424800959,-0.0122338102082573,1.36838329784345,1.69829057267614,1.51191573805421,0.231311323362638,1.15975808574607,-0.0141155033705154,-1.41162425288759,-0.322889315506514,-0.319294960689781,-0.217372702243164,0.761867426896891,1.0818277298722,-0.824795452668475
"2",1.87901365405883,0.859349466129934,0.917960094658402,-0.906602317677762,-0.627145639859962,-0.448416769634337,0.117055039358135,0.788734786627419,2.20475577257765,-1.14373895726369,1.61163152964252,-0.323597133411899,2.43065997985899,-0.544215828146464,-0.601663949380199,0.444267425550825,-0.126148133981889,-0.56262221352677,-1.11086475654705,0.594169281124167,1.06529199759274,0.601885108024253,-0.324690402774728,1.76104031283634,0.322569766434509,1.68479968134902,1.14551161798314,-1.59950556004998,-0.0849716711581279,-0.101874363772818,-1.41119420581691
"3",5.19350976725843,-0.276840618878888,-2.47190221822016,-0.08560813162418,-1.41002033863675,-1.94958352779254,0.0911183064161331,0.229367072026943,2.17780360707987,0.124084567407231,-0.603138717968038,1.28728034078462,1.61894898306573,-1.79654217527237,-0.723354319409884,-0.0215730264645372,-0.332884166427439,-1.44913161511208,0.760483275319177,2.55299304577083,0.0112371152773461,0.632114557826448,0.432184353130765,1.33160420253012,-1.00777347565313,0.490243639050191,1.28815073223395,0.416429914102013,-1.3069269235578,0.0335900649362567,-0.578908634919771
"4",-2.01196535030729,0.325146256187421,1.09070762358117,-1.53477870872076,-1.05118794777142,0.718286261364698,0.857932052097423,0.454032136532062,0.68861040295653,0.183983803170292,-0.536751887446968,-0.787820349102966,-0.678495979860742,-1.1574655652396,1.06399981888017,-1.70029047827329,-1.64975604584833,-0.372219146030001,1.39326163522948,1.81331142536538,0.3728714994263,-1.0139397242219,0.0435360247308959,-1.06403470172668,0.227348562476634,-0.5618220918603,-2.65841351900776,-0.637291401976842,0.233577792863174,0.952122333780781,-0.197419868553604
"5",-12.8587222948194,0.0149038200535156,-0.00235992997292958,-1.02122098759614,2.02068268095448,-2.34836491701571,-0.127139203837311,2.61955702961479,1.19616573896787,2.03665170785192,0.4618804342513,-0.991855060661863,0.86937430365404,-1.32293387758489,-0.983874983913028,-0.963304364781474,-0.930931051259191,0.25572061673147,-0.343416155668067,-1.28875516767226,1.92907814170628,0.311010631326766,0.213595686402541,-0.0464713224385216,-1.08203465574164,-0.699471122418847,0.098529135727394,1.32581786881981,-0.571745785428082,1.36902265206677,-1.70258138384132
"6",6.31866602426239,0.326840098222786,1.15757738932537,-0.165747600847176,0.847725161708359,-1.77427576226333,-0.731853688164269,-0.336418976384623,1.74492013064821,-0.880018200598366,-1.90833294077224,-0.123044772787999,-0.687730357568843,-0.148671136735443,1.07067974810856,2.71715468093926,-1.42697527372588,-0.795935028792339,-0.243905037294279,1.43724669755307,0.487043746245674,0.321231968893696,0.176101170068238,1.57797951821426,1.28479113672121,-0.336091771265003,0.522592143969204,-0.0822850801429482,1.67685877326842,-1.25858204406438,1.33412934865477
"7",6.64368161269178,0.32243078349948,1.31035768269946,0.925372565811564,-0.627538699114795,0.326555746978976,-0.0983190096858572,-0.39490561469936,1.97125605919321,-0.577033663121168,-0.0660854347562372,0.472450461085416,-0.36743735672283,0.0223064022909985,0.414780250276745,0.394672532838909,-0.038823841798445,-1.42707144531999,0.235645511087304,0.000915693264980311,0.176883590765754,-0.183525313029442,2.21165711650739,0.603246389590279,1.19516125361449,-0.234556188744392,-0.580456423485672,-0.777125332803169,-0.0139415714458485,-0.602409256554535,-0.291056252141537
"8",-5.17399964388865,1.79860730884656,-0.267325950040834,1.52314024189567,-0.269653621468439,-0.3620031291326,-0.519553966285184,0.988913656918884,0.831268065847335,0.167397953735439,0.65227752037923,0.79585014872486,0.807080201211298,-0.14987088717485,0.80827043267524,-2.45986253365487,-1.26382252980569,0.219975852714147,-1.78984065348506,0.0126761552226964,-1.85983527086646,-0.136403227703259,-1.63434953932609,0.432489728482107,-1.49810417850951,1.74670404190644,-0.978842720459905,0.439264548346216,0.0629982704403318,-0.578325517445383,-0.88713604398256
"9",5.85930924122302,-0.0156371047053666,0.550162388167137,0.246364178916894,-0.573696909972957,-0.185603222067502,0.0780394682666913,-0.666766264982436,-0.332176560388236,0.453886579979619,-0.283160970312336,-1.27656241937103,0.665311579158833,-0.468148499900655,-0.07498520869653,-0.550134604863207,-0.100074016872869,0.421447959253977,-0.139735285262963,-1.26389921159398,0.371066294329599,0.210325991426478,1.97649731976345,0.185791262415171,-0.225114015448787,1.76542894593981,-0.341144428033026,-0.820722785332368,-1.31958147250689,-0.0558389190385878,0.0155982773300326
"10",1.57419374462733,0.516189980609958,0.554469057909533,-2.0535734489766,0.314032768797756,0.476406896128665,-1.49569313480021,0.57640835432932,-0.730750007121962,0.668315941152948,-2.9007871521281,0.348682017529062,0.843847674463543,1.16313719418633,0.148166077493623,-0.927872512182859,2.51664248529235,0.474890783384538,2.0636179187837,0.192115711688112,-0.0563224862711214,-0.97070402611108,0.355268138438566,1.55727181284189,-0.268842957358802,-0.483295944066144,0.990072781341901,0.806205670409164,-0.193422081170326,-0.0548986079467251,-0.0708614622902975
"11",-7.05420673293964,0.766041577365024,1.48545082830991,-0.201041751601284,-0.433330775720735,-0.150950231290776,-0.738581277687038,0.0549129533225716,1.90430879032047,-0.37639948014936,0.0409750820318648,1.33158865797239,0.712124935035392,-1.2190040716211,0.0147584373522261,0.306846172526475,-2.14586266940428,-0.803402451973913,-1.52383664650711,1.98582365297167,-0.195344163955428,-1.73860305815432,-1.73281735531637,0.437083042255528,-0.749498852747008,-0.601283348971018,-0.360827650048791,0.209578945934912,-0.0721771196802931,0.295215624938732,-0.186526957166222
"12",-2.19251960279259,-0.973586721025182,-0.910089394816391,-0.261449756251057,-0.45411220577417,0.0661999482133351,-1.58133766453477,0.742594575226185,0.0120652924858023,-0.544732410017614,-0.0743552513452052,-0.381845032800447,2.68533511331521,0.552115128520201,-1.15372188643014,-0.407086438065523,0.216204849520219,-0.253473771093309,0.127054430101195,-1.59164374715607,0.0212005031675288,0.27585965005296,0.483580615359978,1.25691244859548,0.0608989789329226,1.65793961835545,-0.527978148660384,0.238660829859552,-1.01850398318913,0.622108920548636,0.707467026149401
"13",-1.07373523521698,0.880451217741875,0.595202397639499,-0.938449374086223,1.55082114503789,0.78704728960574,0.568845175896514,0.698947986623508,-0.481968481468577,-0.299773006048686,-1.10454785346823,-0.647379922900435,-1.18694743299213,-2.24388379553485,-0.098177260128492,-0.525976276218272,0.330474340630475,-0.784653541867316,0.645682597768273,-0.864393475085625,-0.313243046616539,2.50584508962505,1.67614815739085,0.457260635220163,-1.56749947095921,1.63791704945744,-0.204527959279386,0.173263455733312,0.278787227265778,0.0095693267675139,0.75518403401609
"14",6.63236820512623,0.667660602897716,-0.0702857812989603,0.427970882481493,-0.562569720883126,0.0767839336501126,-0.410128001725593,0.0858989073720059,-0.634956196626159,1.3999711581875,-1.17248215704721,0.369393259210157,-0.0293651601694351,0.358952552307001,-1.41801995436632,-1.71732588827857,-0.195506430626182,0.626600413219947,-0.418745593260852,0.905435167444073,-0.999360129262452,-0.00385172860382357,0.826452606767057,-0.799042429347603,1.36252005568719,-0.136963834887585,-0.0216760916975075,-1.49359860932981,1.10216680964568,0.430009818919688,0.548006414765346
"15",6.45030777064464,-1.37804254775337,-0.651328537397155,0.61459052134687,-1.84838868500405,0.87011184153986,1.44575147315227,0.409027602364005,-1.7228595941304,-1.31639956134956,0.441223184263628,0.34362427272278,1.19949472306282,1.14105405405147,0.357402353268339,0.25264720705926,0.537490189731357,1.44755821960624,0.491450738759108,-0.846432685294713,0.749373105187096,1.3347161123673,-1.32789752468864,1.18955867546948,-0.048123006660827,-0.325564075803649,-0.130347923422274,-0.189161933197286,1.98608421465951,-0.50936052593752,-1.03562447149647
"16",0.0885243374221769,0.0681407739861819,-0.413499250635127,1.00229539716719,0.335481229613804,-0.577776068961334,0.576291940826149,-0.167482485807912,-0.860490724932041,1.39235554788034,-0.343621297484699,-1.05555665883404,2.02865649422979,0.96480033743923,-0.536526138451003,-1.28177382680528,0.0143389610481829,-0.506780201142842,0.695931501465551,-0.144734320599355,-0.445666923393328,0.455051628240317,0.19759614880693,0.155053576111816,-1.00267853217445,-0.340486680840484,1.68428649421694,-0.736213239200355,0.282292635086088,-0.420134242339228,0.0542838533988287
"17",-12.2303751392802,0.539414329177657,1.47374936376775,0.593378484698126,-0.803536696594582,0.921736660109805,-0.296199716163568,-0.352846101273328,-0.579531371679056,-1.43998398849925,1.93800719985096,-2.66552247683584,-0.331170371535831,1.5180367688931,-1.69534740181918,0.413966514354305,-0.0232078696193239,1.27183226692639,-0.498397310918806,-0.517330228190589,-0.123562737259385,-0.698758037114104,-1.9657409458711,0.00991468064272897,-0.809733991602618,0.0732106499156012,-1.07406940592003,0.729260261497897,1.60974975438043,0.389420597687912,-0.632612254668627
"18",-2.79742723876666,-0.989109623316712,0.671668835685635,-1.05418213156405,-0.494047946305812,-0.687840682081611,0.599712253505333,-0.121971915727875,0.633020999396959,-1.1751503676493,2.2275596107978,0.720207620880183,-0.530802621561996,-0.26363110406628,0.359815804073187,0.241363386836108,0.0857216124156738,0.122636669187782,0.504029344263876,-0.598418843301875,-0.471414118758854,0.929400931598515,-0.947925270252492,-0.723322196045735,-0.208965219158742,0.61240541657857,-1.18243750142563,-0.441734577296259,0.339965504544486,-0.834697161827203,1.44362441383973
"19",-8.71031676791473,1.34721652980238,-1.1323159826854,0.2089740141124,1.13531808023657,1.49591646748294,0.174856996475963,0.973968345355263,-0.55353333982528,0.00671507259535495,-0.693414268836748,0.871087463911285,-0.990554815988842,-2.00751796998711,-0.715637695163401,0.498098834903521,-1.64325475776463,1.16188406144215,0.604781803169966,1.63704976198774,0.394509260055422,-1.14535496764763,-2.07875968604992,2.53736290921257,1.14145248224471,-0.28743230730888,-0.00173221158409215,1.10147960261663,-0.781650590320912,0.207118414419464,1.06342712911223
"20",-21.6808497002418,1.8866767385144,0.784116261839052,-1.16136561736676,-0.393679281048642,-1.00735199944685,0.83734491562874,1.93579056759247,1.10047357063651,1.46193373538879,0.343313035424116,-0.852296463055774,-1.41512059848232,-0.960211539758231,-0.704043887378963,-0.331092609506368,-0.106471432631881,0.174855663541119,-0.329717626964967,0.875782130271499,-0.76937388916758,-0.383389876063694,-1.32825677085868,-0.30040130174846,-2.23906082629847,-0.24158642140824,-1.0958881644587,-0.153257876420271,-2.23110423709999,-0.381132752520547,-0.76098236311454
"21",-4.30416796093167,-1.84962045774092,0.113802694808154,-0.178414479468861,0.938119667250728,-0.185928307294806,0.777423184838713,0.857159573986405,0.294187534715558,1.7537478340961,-0.368998452924594,-1.79635840150636,-1.28041622026015,0.130474684559896,1.19850315916253,0.158355018233627,-0.844157574521199,0.478497653398596,1.58193975776338,-1.57249931353841,0.00599038687968652,-0.585523905758092,-0.895938404707711,0.471847119586119,0.626513304648613,-0.249208327429547,-0.641280596393792,0.0863572558325249,-0.0827714138257307,-0.207116341244389,-0.372964175044335
"22",-6.49000078556881,-0.312294570660692,-0.847317350110426,-0.784113261315726,-1.21411476236932,-1.02987075268679,-0.11678914661399,0.317545054355484,0.0887696511404216,-0.118655145396905,-0.892964057655265,-0.481435830098858,-0.371058354603736,-0.552867764958202,-1.79223108510138,-0.410403493202054,0.740103829808799,0.335543192337889,-0.252564472133224,0.379699201329283,-0.898910904695858,-0.494831247382946,-0.663949001622996,-2.13362358693455,1.69869853680858,-1.01150620540716,-0.312954585973224,0.05860696906725,-1.52977105639748,-0.0465541093336614,1.9665804888521
"23",0.435824391155469,-1.90166237226437,-0.556792906346314,-1.47529661980383,-1.36764370756553,-1.85496549275551,-1.29229525445994,3.21107286983176,-0.388633803923928,-0.93433196714471,-2.33969541150605,0.664188448588402,-0.316636005979333,-0.520758750045303,-0.0056994362147384,-0.848858604491459,1.7182529935076,-0.2181620420767,1.08233216282588,-0.448072896525669,-0.148905524151495,-0.703135772174869,0.73020685334489,-1.11101708330598,0.487961001661154,-0.783691398518603,1.0085804117417,1.25588785164843,1.88794550342246,0.233872811666462,-0.0793558821476925
"24",-2.63649060693073,0.76038524929098,1.70426518223411,0.222808027677983,0.0846294307441995,-0.862030209645527,0.629768104598416,0.394774395580198,0.118969002054563,-1.11703021041631,-1.71951853414594,-0.501462967668704,1.34720299883417,0.701893091348424,-0.176497910904729,0.791419037623074,1.96216585745728,1.05998673380976,1.37147691947706,1.06132490262969,-0.788464609715755,-0.576681290650911,0.629120882070727,-0.114331925342201,0.0276152095776921,-0.62660731166111,1.94523947092549,-0.953194213226339,1.01170063277854,0.522039242278686,-0.498883585495792
"25",2.51095003637329,0.980389634551208,-0.584942645698415,-1.44131849102429,0.876822306859674,0.129215764394042,0.440171741348086,0.957697757877162,0.472701643083652,-0.20918784704129,-0.361613763187558,0.00594381396152559,1.13397568120892,1.83396614780664,-0.336731041458508,-1.24246140287509,-1.52264748425143,-1.30310403521988,1.36471778530815,-1.4455475074682,-1.04281695669512,0.838230173460586,0.854781978829096,-0.490149700292494,0.326979919944048,-2.13290976223203,0.312617302258482,-0.0358257641534467,0.736086526798907,2.55873566266902,1.56427651260531
"26",0.347070840827115,0.974530248312376,0.367544042771678,1.10004144058421,-1.20608757524505,0.995213071539155,-0.792147021483913,-0.724959628154317,0.445662715742936,1.32180444573786,0.797226492917878,0.458834147179166,0.385724658002309,-1.58143950005154,-0.435300831531488,0.205583672341576,1.41279516050058,-0.376107827832478,-0.202487594776423,3.33187453259085,-0.316431110443229,-1.17347078764766,-0.965744864908995,0.426950240302721,-0.952595476093796,0.851908037695683,0.111212908681529,-0.120308070531812,0.593515924665731,-0.0276862611405732,-2.20298092937696
"27",12.0891921753707,-0.0638829596727529,-1.3249504902219,1.35955801771247,-0.62349321428923,-0.0955881233749119,2.26751367197037,-1.90757352740792,0.718061647379172,0.0747888231882134,-1.39754949650854,-0.0528268381542235,0.132708378801396,0.915453711224129,0.641887013855125,-0.879860907022754,-0.940966678674614,-2.03671001482242,-1.02603437029328,-0.949849097166431,0.865493221959219,-0.928426431966929,-0.0193793562590833,-0.887815750310308,-0.166120480861337,0.0522395148442999,0.636776186019608,0.334380383283466,1.21679908584119,0.473305589554964,1.6098262784468
"28",10.0499737038941,1.25680784933976,1.53648191570849,-0.830736150744965,0.600164493531744,0.728702983357574,-1.44047521768081,0.158766367929338,-0.672441230169367,-0.638843084063932,0.702829383397635,0.519073461341333,-1.76723628826381,1.13582677660513,-1.4330881610963,0.249762170441354,-0.859639771690367,-1.82988784486498,0.559955791186272,-0.454987845148096,1.99096639984414,-0.91255431378731,0.860477222694725,-0.0190290130707198,0.742886644568417,2.35815479955337,-0.564987445803647,-1.69412848266369,1.27173666321914,-1.11257277269883,1.48398552632796
"29",4.29593328170627,-0.632651164777268,-0.585386771852819,0.199992383559581,-0.888214982188352,1.01474313846425,0.923186648954375,-0.225844202999683,0.624982878637765,-2.14890146917979,1.51931857462865,1.81982855479966,0.316138229194838,0.976698499170551,0.494816417573165,1.19741437405561,0.759014263157807,-0.217502324300493,0.900217606275223,-0.276632135074838,-0.535982038872902,0.704203399274548,-0.00276000798498333,1.9814193317874,0.487297006337501,-0.143150948847555,0.427720086434965,0.77854384844807,0.235446203267372,0.508268050677328,0.447546332094009
"30",5.04149786373546,-0.707543262860597,-1.86667982265533,-0.145392119456071,0.0708593514559689,0.817617732663437,0.243580824269505,0.0121493163757382,1.36515459367269,0.620983327479703,-0.718950709898969,0.780357305843435,-0.440459004814191,-0.78264570572237,0.89933145197195,0.25429604083999,0.499569011427295,-0.586730911987704,1.58345933493283,-0.349256554681333,-1.97321707270759,-1.42297992346264,0.696181705845176,-0.756033558253494,0.909615425906444,-0.51011157403567,0.998077534163711,1.56044823552637,0.161204917837556,-1.62998761573311,0.62091058357432
"31",4.47382691381613,-0.740418342849697,0.344130360969032,0.55327993477086,-0.262717965643897,-0.30445806505414,1.24326527889034,0.153401519842815,1.40205472072576,0.255304245012537,0.180688186524817,-0.297815924314892,-0.993143430993502,0.0707992384157918,-1.09769772363752,0.340896932496697,-0.191395735863776,0.903943233592925,-2.13454958489723,0.701846064968548,1.2181143478858,-1.77743870242634,1.0913527293355,0.827862562562184,0.825501711843131,-0.00946375531842659,1.78595133725181,-0.478094198513251,0.0311815783604161,0.438347596344138,0.967557141210534
"32",8.05389032522008,-1.12664763621854,1.52042560078285,-1.12130920262251,0.872881106574564,0.354237694786399,0.719616962169341,-0.610173962256323,0.495972755161388,0.617890840458779,1.60740813211236,-1.35407026512436,0.674477578777847,1.19619532225243,0.944986200202692,0.478243206996249,-0.300543243879008,-0.865790935020193,-0.941222035182727,0.0223371057760114,0.347809559690284,1.27770767842416,1.01833803222243,1.2873467914058,0.470163777659308,-0.551405354607631,1.5557774744677,-1.14797349485213,0.93066035563204,0.301341433066215,0.734762564586038
"33",-2.95983987389463,0.420436381923563,-0.440717973582327,-2.71029829018025,0.457326398022876,0.296303235657611,-0.119826494742906,-0.033656914832991,-1.43294316350783,-0.437423229450657,-0.371823451184094,0.37423853686042,0.911264437421886,0.878317824043293,-0.689893720295424,-0.377468167652423,-0.0788734875727664,-0.179701981051381,-0.715475714441376,0.929510993670394,0.107703125865497,-0.323876991816033,0.104499221909158,1.04334282252767,0.184995284269622,1.46062598921507,0.756674279344817,1.60174246574174,-0.987214336360358,0.339066982165238,-1.05944913613994
"34",3.25654070661707,-2.1039541025523,-1.4006909219796,1.18618391554552,0.0852237004505577,-0.0038687407473756,2.0483784601821,0.902555570799056,-1.08067758520966,-0.567572404538332,-0.872771692251288,-1.10551073248432,1.7565390328436,0.662843956659313,0.241278118699263,0.985208234324315,1.89699563586977,-1.12602713410244,-0.263543270866461,0.909728466655657,-0.488698157044389,-1.10178008296058,0.135364384221937,1.5653260367631,0.441722176756502,-1.10818587741657,-0.520696407951001,0.350894539783834,-1.5859291997157,-0.312112556660792,1.08863457819066
"35",1.52436283073071,1.13815980746124,-2.14711359549619,0.89956054362257,-0.309714002145619,-0.282488389165009,0.350500002924722,-0.723012738060824,0.2129686232477,0.591460247384454,-0.189652318769437,-0.45126825142353,-0.614506000645368,0.449083517357101,0.4061470807068,1.51290141074297,1.32636215141517,0.926457177444608,-1.20278015176013,0.161648185570797,0.824825370032909,-1.31836599593116,0.326913922724462,0.403602942124643,0.10439533475649,-0.463507817600683,0.17507899925832,-1.74672027429049,0.270039042746256,-0.619987142010582,1.55892296532947
"36",-12.5072349198541,0.623349913284182,0.278576806129592,0.301270323853675,-1.37062267697507,0.406510392038529,-0.798177412914337,1.78236738190423,-0.307492301388838,0.445962069231278,-1.65685189138255,0.164295288674835,-2.7345646625818,0.0261872330796061,-0.830872738519594,0.448923211079777,-0.572527444804298,0.417859312517642,1.11172357145037,-0.699726975939425,-0.384764302405422,-0.911731597381716,-1.01752305750979,-0.17727691923117,-1.99673037931277,-1.85197935554468,-1.04234819851599,-0.540552653605037,0.322673598443366,1.12474853584519,-0.418491276446743
"37",1.06314010701982,1.09594350409372,-0.0596658015695616,0.364186221039805,1.48363343640293,-0.647009496084016,-0.908662131808527,-0.568918204854357,0.0816806691744016,-1.20371212071958,-0.516637543868057,1.0942045435905,0.333307487132333,0.361320342996772,-0.0199230621932823,1.10199714145054,0.366726105115465,-0.155825369165476,0.780270149498725,1.03341392398518,2.18056481415227,-0.438840649941801,-1.49459406018064,1.31286289828159,-0.953746902163719,-0.448069479935963,0.732997704425892,-1.47458657934108,-0.368950819949875,0.479653683930377,1.41238343892171
"38",-4.3941970077756,1.75849073612925,0.448905395165667,0.0163657660980633,-1.36193167853967,1.74697450556468,0.36554323472435,0.947502185787314,-0.609391709066317,-1.69782124434663,0.0373251525934879,0.0103807566884261,0.062653191947776,2.41042268214987,-0.682625528385456,0.20653718428567,0.450451928261253,-0.414977488233102,1.21194646931545,0.159891215404141,1.22554763455733,-0.310759256316503,-1.27161617488824,-1.71587766305052,0.755142611704567,-0.678981787685242,-0.215530827093736,1.89064765175144,1.21030231615789,-0.492008811818233,-0.468168396696545
"39",-8.39546536123591,-0.00472364079624134,-0.150102005661939,-0.131379691259259,0.681204906879117,-2.7006551262747,-0.906240781521889,0.263430970218875,-1.36527525647709,0.246733505077756,-0.125862238907383,-0.584523619941055,0.958899916136581,2.06839454183783,-0.524554407259926,0.83519166905741,0.396306573436371,-1.207920811237,1.03205792538181,0.42857775310314,-0.0549197136676071,-0.634319394490271,0.371265200394582,0.190596482998745,0.0884268999731264,1.90918509180582,-2.08256603873132,0.852204565333805,-0.510182423442164,-0.125812817603269,1.38844250958014
"40",-6.31967325357628,2.35095485648893,-1.34288097319866,0.426167461250292,-1.66818115234049,2.27775003237463,-1.29466818628362,-0.143672456360783,-0.77125616001506,-1.00774453909859,0.79952086489297,0.162622036354671,0.981067480569572,-0.85419792564361,0.712909591177774,0.657602785467806,-0.619760215482545,1.77781645689566,1.26007266711211,1.40362191575215,1.28721598972546,0.0955289443856205,0.0891919952245798,-0.474345050650909,-0.630514067804916,0.295847646915157,0.209253920192885,1.10107287449345,0.387432175407183,2.13989320974625,-0.892051339929021
"41",-11.2913687245316,1.05507067644453,2.04413668958583,0.0176759930946729,-0.084509425164702,0.924282667802707,0.073037628636433,1.20753776808977,0.955182113421128,-0.820385088005148,-1.15170789617841,-0.0357923617005609,-0.0572040939539602,1.72282625195747,-2.08314430210979,1.35914025070305,0.858454714274483,0.715977581503174,-1.22547621651297,-0.144779924784019,0.146203547747847,-0.525535285502649,-1.33765349264891,0.24114748305135,0.428200481990148,-0.273475118494702,-1.97394404362982,0.254906998321999,0.367462490110546,-0.291743942646281,0.210017980843019
"42",0.663943271532193,0.589006898758031,-0.071535168822009,-0.538802939646934,-1.13269430519814,-0.301695831651984,1.12228820065259,-0.116998550620085,1.59358852372395,0.292421776224872,-0.199267711466529,-0.324654853461689,0.354103718191247,-1.08524855834812,0.804699432211081,1.26954905498631,-0.227075491199195,-0.895692423877597,-0.896550995712126,-0.265422039682691,1.1299509469557,-1.45943676393235,-0.0748563810520698,1.60013032830497,-0.235393189011098,-0.598724313703958,-0.274995219727031,1.32733250900063,0.804010312371613,1.34622068360664,-0.308594814383585
"43",-1.04227657686296,1.1844773604319,-1.53284372412904,0.344716690892339,-0.706894104225005,2.07175546968842,-0.34767039902797,1.25674824731448,-0.87717063419993,-1.04729467423233,-0.189218742311329,0.0236876286917275,0.184273106405156,0.392955785272879,-1.42258569043183,-0.271146833078839,-0.0970424088700469,-2.4425101283898,-0.294532714822927,-0.107755151654376,0.542231725258855,1.18504151094384,-1.57927553244881,-0.0680061335749317,1.36732236804349,-0.292305704840886,-0.968186545972785,-0.242830710271781,-1.40736088866538,1.23177635832851,0.198123049025251
"44",7.50754580291855,-1.0845181424551,0.00426676946989935,0.63146602607014,1.51698780885485,1.192082517317,-0.519732109357748,0.252329281069255,-0.555294772232363,-0.431291523101994,-0.496279602465728,-1.00501537556115,-1.98657663083097,0.563294670435601,-1.00927555447515,-1.78078714771126,-0.604912713089341,0.666391927734678,2.17833470803533,3.45658363864611,-0.494184263565662,0.535699942974341,1.30243400756997,1.02479830968031,0.790705316805727,-0.236711265494125,1.89720555149602,-0.657003071154161,1.55941331551023,-0.0601613282268593,1.25254492115979
"45",-5.95528375533495,0.652672687201036,-1.47675952779573,0.525519493222698,-1.98304083020009,-0.654400139462128,1.01130820345601,-0.239259674553121,1.61919637064342,1.83905011764967,-1.64057887230213,-0.00392823766504072,-0.336614736914013,-0.579504024302031,-0.595189874231202,1.01707797468335,0.161692747460899,1.80431678115518,-1.27852140446317,0.109007853532348,-2.39209641031553,1.24431573957136,1.63663418730601,-0.086134997671628,-0.247710356349684,-0.117546402202748,0.145383889323038,0.308233721622567,0.151238662312632,2.11906706420558,-1.27349660453279
"46",2.88416137571376,-0.743341185785525,-0.686910783204833,-0.921778604280621,1.95896436850336,0.011924132347276,-2.00386489667879,0.184178575192385,0.403660054537859,0.0561638653604868,0.474713098786867,0.209710150364838,-1.22167944884648,0.954518368178999,1.70328217547762,2.18493152555164,0.425974230038292,-1.9633885860127,-0.225841322604833,-0.841495555162897,1.08184607518397,0.974289027115998,0.727121179998802,-0.464408790901817,1.03277355925543,-1.19161821034549,-2.01031458017741,0.409230665813733,2.64922613469286,1.19947706249,-0.10524086072378
"47",-1.90507591552644,-1.44461323019715,0.67392720742649,0.97327334800895,-1.58955708645636,-1.94986104048254,-1.47843210613226,-1.07725740813083,0.644338226270347,-1.36447596331753,-0.755572158449251,1.92402089648136,0.739600371232316,1.30443175378174,-0.110871781307042,0.118426656052147,0.714601766748618,0.591986650607964,1.18004477653837,-1.74453854624215,0.574026215406093,-0.538287430276453,-0.189440456843895,0.260418173822319,-0.798383322143427,-0.764316315216288,-1.57294655867634,1.04510900411863,-0.648630349869284,0.110123204293305,0.330864874798132
"48",0.684140962436143,-0.349517494044129,1.38037965479538,0.222826178641373,1.15314488717497,0.757866128636078,1.1625260410035,-1.68583151444031,0.622553235855975,-0.850792487585273,1.03518685570895,-0.254059940578447,-0.648902562116129,-1.52468263595184,-0.814295329123292,1.30683411150985,0.582575409324589,0.624418938191459,0.958261813944619,-1.10394109131321,-0.480532338938596,-0.495238458678595,0.454253383334162,-0.472883237203518,0.370671103431782,1.39316639912813,-1.11529378256383,1.52798622958424,0.163393878844058,0.132506233065175,0.402283483253485
"49",1.91304790787466,-1.56521037150179,-1.99204991275631,-1.28660920495924,-0.173162945702892,-0.519158886922358,-1.43650261696646,-0.354662857453795,0.305009103721913,2.43328686909024,-1.36968691749951,1.03307569711623,-0.465063001620367,-0.245558137996301,-0.436635193471013,-0.468745043697058,-2.16157013224867,-1.69136365825925,-1.49833174915359,-0.761960864620932,2.96244445053691,-0.957352475776621,-1.69894771895275,1.43338723983972,-0.476097970801061,-1.28345868709379,-1.27092208129975,-0.478850014527801,-0.939406791912399,0.344951049574976,0.399331462755241
"50",1.84241150587266,-1.55923678909379,0.255394763507988,0.876097765821671,1.0510080153494,0.581788178539032,-0.526058786524803,0.527629595386919,1.48298118606104,-0.755128791991793,0.0652746164481275,-1.39288916495109,0.286980859172178,0.764321685332699,-0.294034005103415,1.34159109818635,-0.693928116999061,1.33588952672582,-0.430480153995995,1.68492117859671,-0.778149846467203,0.399564313432009,0.785274929587699,1.07052699268668,0.833054770399872,0.64851825017881,0.810927605798911,0.420207696879456,-1.03396615610076,0.905008825744409,-0.948358956145676
"51",2.12315461555906,-0.852742517071956,1.24207244494965,0.767173775951868,0.786974185201839,1.217967810803,-0.35476996413785,0.0450440936863154,-0.0468876364558764,-1.5257322316639,-0.023860162533463,0.217428135617301,-0.305730864781278,-1.06572791373731,-0.0713064336395796,-0.19345448729532,0.80772038242002,-0.221795633839138,2.08991854830039,-1.70844237203511,-0.220084130624257,-2.00060396021889,-0.148243220045094,-1.04389542943973,-0.204230561822295,0.947882545133304,0.13987023811464,0.215475260324119,0.532730993197026,-0.948865372220403,1.21893836372683
"52",-13.2237458617969,-0.0328503259846618,1.09488642242962,0.96256599225956,-3.49283082765251,-0.095933557099468,0.50070644229187,0.00855255934778623,-0.132670291496818,0.43269377214544,0.640862942726832,1.74920202210897,-0.647651087197594,-0.34093809857531,-0.423199508109349,0.10574237421948,1.13441497125131,0.78601015456052,-2.58277214184837,-1.05835475454129,0.708962665777829,0.638978331355779,-1.53168714970384,1.88024512114525,-1.15516796455192,0.00556433718571037,-2.02838626942439,1.93816347163141,-1.39192313168609,0.873450122404513,-0.923890893701935
"53",-5.60655514651176,0.417715851594333,1.03121236743388,0.047304025066688,-1.04084041475789,0.346812438178328,-0.340644759526275,-0.2242944049621,-1.63714312745652,-0.932619633658544,-0.474665042636283,-0.804494728564512,-1.15786607355234,-0.115907154427383,0.450879184644572,-0.320728336531607,-0.43437929294831,1.25427567417572,-0.165304902139591,-1.30064255806657,-1.04394243110269,-0.977796217812582,0.451037168412593,-1.03618344631161,-0.487652745683837,-0.466753346343666,-0.648433741270062,1.72859161836254,-0.091061066355011,-0.0506199018974631,-0.922841479124805
"54",-4.3863113765653,-0.797736297144395,-1.82554679471527,-0.516587133095494,0.999009446397454,-1.72881616627612,0.458447019681641,1.57973693833027,1.17751234461842,-0.0255258130257405,-0.44475134723496,-1.42444013548685,0.380577719029298,1.87759282085682,-0.483601096002569,0.879202300198406,1.73610674987264,0.91703210494029,-0.808117782790865,0.77578205339497,-0.90289983378063,-1.30685598731656,-0.12784474245031,-1.34526515529573,-0.778401763481441,0.547752867991433,0.925405607337779,-0.456381721337111,0.86418528892278,-0.235194571407391,-2.05934771305244
"55",0.730735111147763,0.815761722319735,-0.54434519869816,0.521122468991167,1.61787071156701,-1.26241916126098,-1.77509783663685,-1.59949179868328,-0.265574091819119,1.50333917363693,0.0702885745587181,0.47062999852016,-0.0107622148484628,0.0155852433616551,0.718230049468382,0.850959608789309,0.583405319216214,-0.121144052810972,0.19111565206016,1.69255135663924,0.1760520873692,1.21732504463026,0.971230488813001,0.193834070733093,-1.19127097531068,1.77081296242321,1.47859344950779,0.870315336105693,-0.186329209772203,-0.512599724294523,0.182937305245284
"56",-1.94012402577116,0.685006170811047,0.337432574886765,-0.694561836562998,-1.68573766155837,0.43760488693789,-1.91021452189136,-1.0615594680224,0.347271326577168,-2.75261523076716,-0.692946614961196,-0.545184927984761,-0.804385392051932,1.22211565449123,-0.228638658861255,0.742328287770989,-0.186988276815577,-0.720913660076858,-0.00522294940785491,1.72678217619115,-0.753807646174853,0.99855404833884,0.368310932979584,0.0898182251043735,-0.412979267806423,-3.16076337578054,-2.21509367005071,0.426018805286089,1.19084825172127,0.85815871756304,-0.567888234343286
"57",1.64278885752201,0.707316199468551,-0.580781670733426,0.166329341886494,0.112811604075189,-0.293351972290408,-0.209223627116087,-0.483307099869995,1.55900260430247,-0.192440205284886,-0.0542342322104288,0.073478652549413,0.896720178848776,0.672327301625523,-0.352963785188221,-0.283430794984352,0.798628912602986,1.79327328496547,-0.0791979317792566,-0.132353478213387,2.98901860804125,0.310537392025378,-0.488781215416607,-0.537480565182186,1.26352095660459,-0.368829555655372,-1.06514544015391,0.57044119577908,1.03417756650715,-0.83264231358583,0.971484511557282
"58",-8.6538295137759,0.543894484693903,0.485856947752132,0.88175378396417,-0.247338933981708,0.855817294821668,1.02999935308166,-0.296362388168228,0.346529008343247,-0.897732537647484,0.620006765250483,-1.44629813688278,1.18183056558856,-1.39527974057859,-0.749033226235425,0.379256990013343,0.446246186676248,0.229664444207522,-1.33384690492379,0.217544444002537,1.10050306333065,0.578331149644608,0.00395400167925575,-0.881745733885103,-0.306552470732491,-0.994634794074738,-1.07053860399837,0.0732930236544349,-0.214039105656077,-0.132335995126585,-0.683900825545508
"59",-0.323355826450353,0.338553682133949,0.345377125106704,-0.672045208985837,-1.599742681062,2.0714540949712,1.56623220757166,1.63115898606629,0.908053072227437,0.19309731253682,-0.695455184170387,-1.07254656628441,-0.149489409626761,-0.071687231816251,0.219752855116784,1.69235757707828,1.79972592895343,-1.33893406158422,-0.173551044039008,-0.945106133420517,1.507420584517,-1.5138105255563,-0.244566021016417,-0.909487545907924,-1.31084537318523,0.791132203215311,-1.35191705355269,-1.58538951658561,-0.383157301421681,-0.5481534941126,1.70458244011439
"60",0.773096622766123,-0.566942696430446,-0.311864344191834,0.344677595729284,-0.0867735700065572,-0.871132673820479,-0.991942130824098,-0.477893235252119,-1.3783524868339,-1.54109658315262,-0.785105698079922,0.0698854675600147,0.0106439471648351,-0.253502009773916,-1.42677312712151,0.506509054614678,-1.52258690847886,-0.267190372489456,0.926184190557861,-0.197169661948765,-1.30706574545863,-0.358856545307424,0.530817203672697,1.56875662352438,0.485897604539059,-0.236088686008192,-0.514221697878493,-0.553171304806751,0.323338297785748,-0.332020067687779,0.275048900382551
"61",-10.9122283601162,0.328318808380464,1.4154726068048,-1.6811135063612,-0.608010122936743,-0.233169325991887,0.614476605493728,0.299973243471715,1.635679759447,0.558193293460499,1.56616343520959,0.588868784098556,-0.715085408721677,-0.012573986439879,0.878697142772272,2.17308801071364,-1.50894709377944,0.436813004844679,-1.5515842422438,1.02564071051872,0.779905614333182,1.10199129108502,0.545361675249501,0.538372794552687,0.449735033793933,1.55232266041197,-0.23148626693663,1.32736785853236,0.537959894583117,1.34032326367069,0.474887785151948
"62",4.90849103297585,-1.24515747264851,0.199699366812698,-0.110836055565102,0.817831455424719,0.907172642557408,-0.541716588119363,0.525236716795595,0.493847532813722,-1.27252780952849,0.0549115693845501,-0.585377053684039,-1.09560776320041,0.122553135220541,0.915961084025441,-1.33123499860756,-0.281360903400747,-0.2020668114779,0.615267220971407,0.720554044833614,0.276452279607578,-0.0585827622815613,0.353901884255402,0.871131049938787,-0.0703029839176641,1.67425844275415,-0.00094639426431058,0.54741115384723,-0.508400041883422,-0.111378566726309,0.981188906967593
"63",0.504859592307579,-1.31397654845902,-0.324881054042548,0.846843336285094,-0.641308642835283,0.731298782251523,-1.42520822971941,2.00622704201659,-0.909350985723565,0.79148434620782,-0.41454314869113,1.38845209849492,0.0497813633068583,0.405662838129933,-1.19671215430675,-1.27396436354315,0.14862114337361,1.41638800856393,0.266707779255152,-0.214778157196897,-0.0293741100230098,-0.407609640764797,-0.00764340590791879,-1.00981798824666,0.284833691246989,0.072200833009215,-0.162099811870405,0.379910998083342,-1.31691824556836,-1.20161815110579,-0.457560068247267
"64",-10.9511768518358,1.35834641510028,0.576252840013648,0.142001888688985,0.00172642834461273,-0.846953243595443,0.391936163507721,-0.611927986424986,2.09644320740482,1.88064211655405,-1.43127023440683,-1.68066271656362,-2.08613521665573,-0.497694529756359,-0.517369072442412,1.35508958166787,0.269464362039563,0.559462155871662,0.633444426495848,2.93229778333356,0.540613517555622,0.601272683575157,0.567828868117959,-0.0628604919518106,0.208133489773402,0.348982466092756,-0.919108565722983,-0.946008246858515,-1.08400818022908,1.11061165504769,1.39220445362562
"65",-4.30309592887143,-0.362229315951095,-0.0807078978650156,-0.646912668726582,0.816691210747135,-0.479257535956818,-0.317889731803043,1.30650276825174,1.62073600469326,0.927291930382856,-0.605313608784969,0.947879555091724,-0.154829604467093,-1.19106134828476,0.0470218251520897,-1.09829077637072,-1.13344452406718,2.34279746397298,-0.505881512952929,-0.489489968956098,0.329699019811546,-0.0180751229572518,-0.288914586996466,0.628174212716901,0.889225676890707,-0.0106351428714255,0.273744703260031,-0.857686783847761,-0.147904454208099,0.343468870342728,-0.449947749688062
"66",-7.5958513826728,0.489339536609135,-1.65928968693027,0.0502503412115468,-1.01672187172491,0.138300147258019,1.78052312981208,0.798359042088004,-1.02428038788055,1.26357536664885,-0.252655757157387,-0.69431748175955,0.693278682123418,0.197291303944527,-0.576784622775416,0.767960168552527,0.139128341557554,0.372936777443513,-0.828622999330476,-0.680254514408316,-1.24242831214754,1.28016829471855,-1.05549486625162,-0.184253088311831,-1.63947508123963,-0.860989610128917,0.621425546588459,0.654779637700954,0.478990427594278,0.516308590543102,-0.974512309103354
"67",-1.03806809347615,-0.0662819198518301,0.335037889866622,0.0796249163161208,0.799402014979155,0.436038053170274,-0.990673096942176,-0.747257298635798,1.27411401821524,1.36151926719256,0.197965284764618,1.21440566431842,1.67719353642219,0.914864262631003,-1.02310137970997,0.379469427175002,-1.70298657305685,0.425442287922071,0.583420842328901,0.955892718268819,-0.88117050933808,-0.560547471392873,-0.153943101371169,0.524090062450063,-0.401232411068829,-0.743549659172677,0.19806620414675,0.275100158713738,1.66081078946019,-0.162955527116984,1.11153687909395
"68",0.490794222199722,0.436299862556419,0.594563660817091,-1.81818844144807,-0.782730628526342,-0.261131659314435,-0.151559897549376,1.55199089782159,-0.97490218038217,-0.496227171436747,-0.0534206483910409,0.471234436010729,0.496888651864877,-1.80266552572137,0.192534672245645,-0.514065785451137,0.0874918916481384,0.763704091507988,-1.21919717184917,-0.764745631332757,-0.263810005350243,0.602859253604592,-0.571893073142458,-0.298695259357432,0.874986151285442,0.722855825035655,1.97190054142857,-1.05693326417325,0.533724649684192,0.734533371396605,-0.0838376963619208
"69",-5.66479514276146,-0.157730320522525,-0.0597218639568901,0.541335648124894,-0.924455378692135,-1.1232312319036,0.362629071554716,-1.00884800247479,0.37812053601938,-0.730211081238957,0.0377791881690469,1.343040110968,0.937250684484245,-1.02488520815908,0.391651344839168,1.4078597744674,0.330355524018733,-2.64817149257407,-2.02809243876251,-1.19204295335586,-0.912734062292609,-0.717568254146809,-1.17781936608466,-1.6049222955767,-1.17457882400372,-0.234590706792675,-0.509871830729743,1.32379434474786,1.19351666911475,1.36646553202299,-0.513030186347704
"70",11.6991112217951,-1.17665586524609,0.388475603766965,-0.0764400151058329,-0.221444314851972,0.477201494181484,-0.726981840402392,-0.53987214724296,-1.48034302864734,0.0957911264599454,-2.13220880446061,0.120286588842084,0.226322471052423,0.049500773668939,0.268446024897787,0.753219141543531,1.64130076633206,-0.22677881844371,0.19886881404885,1.14525160153673,-0.229847807187983,-1.07365276244222,-2.12685343257283,1.00418326234059,1.68816040208668,-0.739595500477913,-0.257684135506515,-1.32074259956645,1.50570821484127,-0.596356248998202,-0.0747691077213439
"71",7.60462897421427,-0.89441097845418,0.181264847359976,0.13194246790388,1.10217823575838,-1.86521904078365,-1.35449583589112,-0.845257993488742,0.406198302027797,0.603043992819482,-0.596140614175359,1.0397173063962,-0.185985990938408,2.35213176127092,-0.686837504827054,1.76118394527589,0.853830395209792,-0.561530656091228,2.78639253900968,1.36913392125738,1.28154092222111,-0.486817508728869,2.96960347688759,-0.4640440974725,0.761339209954676,0.34314265403773,-0.484355895806447,-1.04429941442741,-0.708234114066665,-0.259312019198782,0.579020006722747
"72",1.23061323914664,-0.438954525567876,-0.875272394734853,-0.414184310579134,-0.586052042752822,0.812125697902846,1.63834942670845,-0.917736194615418,-0.932693677028514,0.177156000306382,-1.51798280611171,0.760770050248673,0.396977950431446,0.18018961606527,0.649589246429688,1.37307127987844,-0.540753504069985,0.113684420944564,-0.0859212692670942,-0.920197775353895,-1.02784186556015,-0.139601307328647,0.950383958592337,-0.265862317377198,-0.625506081004649,-0.318209317720455,-0.76834292528827,1.26437383620889,-0.163425985262834,-0.649074446722488,-1.19139640025528
"73",4.07934794669608,-2.84145298297698,-0.450660918662443,1.42140361794867,1.57760606577908,0.407506768670917,0.984315270794857,-1.47935357413325,-0.479054867325084,0.634757030348553,-0.479252990029982,0.198578991370774,-1.60352416050464,-0.27092625895442,0.263022529726981,-0.482425384006675,-0.543800226049702,-0.654854909490741,-1.47286220619023,1.12198502962097,1.31139299951592,0.384312136699584,-0.644854893187343,0.405382599891477,-0.684976378005631,-1.74742102996412,-0.32178775571716,0.966180279293188,0.103543942000439,0.902030187800115,-0.127252026420257
"74",2.5802731220334,-0.250771821476612,0.15132457221248,1.0551039052944,-0.469840375334946,0.306408201628331,-0.38700840335591,0.68285151031151,-0.367226287420816,0.40237460984264,-1.00963025371425,-0.416421205145408,0.7689966327889,0.395080742823589,1.33261494137061,-1.15912430194053,-0.282985904831446,0.204623542304244,-0.493942388532362,-1.42551846262604,0.565344207298681,-0.199886417463117,0.786751490202979,-1.41168925237312,1.58944455063442,0.0920997552725593,1.10581737459866,-0.997514905736027,0.876370629843304,0.891041999026352,-0.42872161485005
"75",-12.1768898688051,1.52015988856538,1.33583150008629,-0.450157744535061,1.13431968262299,-1.35520498056091,0.96066202889958,-0.415422233021453,1.60116870087254,1.88984289392167,0.705925354117208,-1.79469854162638,0.611345268150486,-0.319912678863273,0.630040812548379,-0.339442528375768,1.4781910079049,0.00281030027214242,-1.22378186216398,0.409197952275601,-0.14106642125352,1.74801489402272,0.091394389667745,1.83458216139096,-0.0801333446473404,-0.40614144511997,-1.30239368350814,1.47734508817285,-1.46940223812037,1.22660917483362,-2.52968639995391
"76",-8.89150030374118,1.47856374202988,1.12515324328109,-0.780226711308721,-2.58349111201866,-0.308760807025617,2.35101890720203,1.31155904501301,0.434450003990096,-1.33979800149109,-1.72036781698745,-0.611763576825751,-0.384770094876461,-0.403481012365006,-0.0538176103749337,0.211036216392432,0.506891199326786,-0.0307401414185994,1.07505247230931,1.45121615635778,0.115368081772749,-1.2301421032568,0.169791191452042,0.131662238058729,-1.4748513172778,-0.184802523402518,-2.20104846013052,-0.824305580610432,-1.26787675565032,-0.120293085290696,-0.891228637303795
"77",3.20109468030806,-0.331149881899656,0.685312002865675,1.7596984618574,1.09506016614946,0.975004238558183,-0.284201188545973,0.779730459731712,0.640678909908196,-0.950798644371561,0.470556492987201,-0.205232009381037,-1.34914961144688,1.34905089388534,2.75459810439304,0.220827862361139,0.173059441689631,2.04047173939533,1.01729125245384,1.14997001515825,0.0761244838941321,-1.33021201055463,-0.766990098294351,0.367163932736414,-0.266978333452544,-1.3945653360464,-0.26993757234214,0.300502309323587,1.19779524959214,-1.11055370042256,-1.7126126692592
"78",-3.03940018410624,1.36358148753059,0.517331530539456,-0.774127012796044,2.17393085990136,0.807861370978817,-1.54258214331777,-0.569813003965645,-0.829873498765751,1.4698077891481,-1.57820217559134,-2.09283319687371,0.191247887350738,1.72652363542765,-1.22314843705939,-0.567645043546648,-0.892926401201596,0.525832006672982,-0.1565918869429,0.774441543699397,-0.136243854381286,-0.460713604582719,-1.48898508997533,-1.34025238548693,1.88295251377099,0.143379415368501,1.35681958725343,-1.7261968005009,0.226311173273576,-1.09597268626273,-0.181804699615929
"79",7.88538057103408,-1.39585526990541,-0.592422166734263,-0.253510276758193,0.382434125256927,1.58286284173821,0.115451509560499,0.535669084632719,-0.390013961980996,-0.130673385827429,-0.118571603222228,1.31591998420899,-2.00761561800715,0.256680581389388,-0.0568070612896773,-1.34440892053403,0.86437512664428,-0.720295047715668,0.821106916608342,-0.540501704105047,0.523705812509688,-0.169336344028944,0.973139705768616,-0.398946691779646,1.6937117151333,-0.801330449746055,-0.465313327237241,0.432726583856396,-1.5559873702565,-1.55787148411096,-1.92236269665176
"80",2.17888937749333,-1.82746095622941,0.453367799234145,1.49220846382339,2.14105419764616,0.688372311901013,-0.651289682967578,0.125957076290539,-2.74974311173134,-1.19853133723597,0.80688565243672,0.0997787248039657,1.68479152790745,-0.26775742843793,1.84336180270679,-0.542419476554576,0.728306373028038,0.283286697926742,2.12816477909485,0.238294387801179,-0.494925562343664,-0.147717934076137,0.803515382789526,0.289523133290588,0.719218245442897,-0.0605740896601939,-1.01028589298507,-0.418135858768019,-0.155354635885127,-0.110258628562321,0.858153176205741
"81",-2.30213406030736,-0.389838910044535,0.0443131799286735,-0.171837465457082,0.492288929363918,0.671807917711819,-0.245134249299315,0.901666946048544,-0.940094507805539,0.997593626425059,0.211820188488793,0.908440686932666,1.41584838690097,-0.222741688715706,0.663942964025861,0.659393452095282,0.0962673556376286,0.918264613978889,-0.999442275686431,1.15076786197303,1.71594276045143,-1.164118560954,-1.74702830809076,-1.29386392563104,-0.417978736594322,-1.07560857534129,1.04870797324978,0.841477990376777,0.230932354128918,-0.618941813950699,0.462007359812146
"82",-5.86634231208485,-0.513394674277264,-0.458288396835159,0.71261295190984,-0.202737905713647,2.50923965778466,1.96534223987617,0.595840824433518,0.495162116230906,-0.309235292467173,-0.141528996902666,1.27178815375093,1.19079510072328,0.123265851182592,0.629518533078773,-0.0392420456514914,0.0471301395132643,0.0191498534730376,-0.390697015090411,-1.00213940254318,0.104693525874412,0.467012989003249,-2.74867330824416,0.221007050071179,-0.974020860618654,-0.907757623243785,-0.743301589385213,0.395694249139631,0.70440217899467,0.377622919490233,-0.16230583087543
"83",-7.42482677885175,0.233826324052221,0.312538350366573,-0.175657681218584,0.68039178822519,-0.355018342136387,0.684329363737773,1.69014229803528,0.50170933639164,-0.341286456434202,0.153315798940942,-1.3080540475085,-0.256697800947367,2.32580639952084,-1.36342366857212,0.0856185461290728,0.378382593783294,0.738403573314159,1.18217955403624,-0.95349778767521,1.53790083667243,0.796189349265015,-0.937948081714328,0.619038245940692,0.672700441919879,0.265218765523486,-0.733856064041813,1.3457002305874,1.04518065542275,0.287642072499917,-1.32560821544882
"84",2.33147719729198,-2.64637740384315,-1.18670302473596,-0.283099531664266,0.26244979852896,1.06020948797512,0.969343152756128,1.72394561956134,-0.112923395578156,1.25002027842074,1.18713047556826,0.322282450742368,1.82554708080934,0.140409838825454,-0.961046856496813,0.330666441028,-0.634822143131533,-0.553810661184445,0.446424584193663,-0.120561387883927,0.624628312832284,0.910020119004933,-0.619607795645839,-0.00396645849581906,-1.01093934101327,-0.789273935100912,-0.736445268468148,-1.00032876799729,-0.243244348827825,0.0465917133663535,-0.612174131634722
"85",-7.02868939343256,-1.23290819346528,0.735803178150843,0.117930396517087,-0.381756897937747,0.335216384771196,-0.385323921324777,0.827045735906203,-0.846423704834294,1.14725907372137,0.865427461462873,-0.450466016188152,1.09426221007758,0.631146885109496,0.572329862426293,-0.569227091073394,-0.970929121111125,0.569928032951827,0.190661992495522,1.03088979938262,-1.15213170922229,-0.754762208198476,0.0826004817551404,1.4251483213696,-1.37815204582123,0.434854301843965,0.108959827627607,1.4829790619406,-2.47345353452073,-1.59882843427441,-1.46845713011707
"86",8.4028174642947,-0.36293039891823,-0.130684254304097,0.0524730826656225,0.232681367563061,-0.591471654104408,0.608872877042797,-1.94450762962574,0.374062486764554,0.818893287570579,0.246299538166599,0.637388087127844,-0.294305720941216,-0.19412276813305,-1.53931918297132,-1.16046565404619,1.01258103798512,-0.868157740331264,0.380804665570324,-1.24289915434592,-1.07644255025065,0.70162903473135,0.540549437769384,0.192507720551027,0.0646812937580775,-0.954197464566108,0.653334762053182,0.840042841155811,0.30383058069166,-0.163335704304731,-0.723124734905406
"87",15.5808719682851,0.373675181470509,0.291467551940241,1.05912212932931,-0.950854499106546,0.704940871420555,0.261851911411007,-0.990408027573512,0.228796395935207,2.01064143580878,-1.69490027857022,1.3598034536475,-0.524493239408771,0.1817298035996,1.60442550096743,0.205136494458342,1.0291878661854,-0.725703390795492,-0.707010478857592,-1.5180661780499,1.30874867053528,-0.176742707901303,1.18973740463714,0.923459939816029,-1.33322503783035,0.179012171145639,1.6794750014422,-0.305582008282704,1.15841532683261,-0.865986254959031,-0.929281165991232
"88",-3.93652338338642,1.46868919913191,-0.172425441014116,-0.708785918728023,1.21709543281879,0.000287846815347825,0.829093962798971,2.19921167833073,-1.3984051671467,0.443154363654163,0.088704007317401,0.749320310744026,0.88805881323461,0.0389759747276237,-0.239917821793228,-0.214216953786283,0.218502999949289,0.359033071403703,0.601351599691414,-0.272837558585945,-0.37279646318817,0.353625230374146,1.56540151608339,0.405815993575199,1.87087843524285,-0.651337154349574,-1.8473486052715,-0.658539953566974,-0.16671228262175,0.0601204996697013,-1.48157273244018
"89",6.32313861397774,-1.3485250150044,-0.0948794877527099,0.488218400356626,1.54194284581983,1.65605250912764,-1.84639137081973,-1.62742485292601,0.341424092991494,-1.52386365333447,-0.741086278078885,-0.317837170819487,1.02812293026255,-0.752480988911701,0.0651503833427297,-0.472412997166066,0.246193324822547,0.578000485548556,0.983431414053413,1.03645377988956,0.0295080589345904,0.402857670260191,-3.08236144110457,1.08772216226677,-0.976556507260953,1.04129451568453,0.550735936379394,-1.06003290086703,1.60224945991601,1.14613700917969,-0.324913868707405
"90",5.52627645492742,-0.759925042952019,-0.115985451167031,1.30183647729256,-0.991901826490758,1.03014640507311,0.553208491761793,-0.811720484415128,-0.663780459124094,0.013309508457547,0.0468016230033369,-1.8448269367072,1.03168334834813,-0.540906486943386,-0.0780789539569326,-0.356189423308805,0.28367533523025,-0.00245061796733625,-0.608747834504208,-0.802000616493641,0.468751869551562,1.59842903350098,0.28973847430247,1.27009225594854,0.742469608398325,1.50813090675596,-0.627094080036325,0.211309779470294,2.88209698132316,0.937051981241386,-0.796941555856054
"91",2.04586218583496,-0.0769485529230309,0.462281663773375,1.04676916777931,-0.516704501656531,0.75788500746937,-0.628237195353342,-0.589782678682327,0.85724023093317,2.35116732157918,-0.873924274573348,-0.416423207030034,-0.896393982640663,0.368430173868049,1.37893590015885,0.897008846693893,-0.211976203009256,0.681563196509207,-0.180308700120526,-0.854195165144728,1.23381165336014,0.5318839496159,0.594228758957164,0.263817503837078,1.03669346202932,0.0995855823301735,1.02846946589166,-0.734065143782986,0.173309624636801,0.954241154129067,0.143809986634466
"92",-2.14115339145798,1.39719668754735,-0.867241197085031,-0.0349138573528553,0.596665256164972,-0.866464259618722,-0.983075256092829,0.721377313373671,1.64552213967794,-2.49333752360992,0.014516440603494,-1.95853882402584,0.218783396242313,0.127828783883968,-0.629129193458748,0.821989292691264,0.882720680231152,0.342975371485248,1.25131669126995,-1.21721504602617,-1.62204928545126,-0.0827162245926985,-0.790143971562853,-1.02644383776398,-1.33315336265744,0.393192505871093,0.262478212348263,-1.16326883596706,-0.153871774063497,-0.325549387956459,-0.960399149882506
"93",1.28699930715633,1.20386130512404,0.403165126311549,-1.19127117807866,0.857137146978139,-0.902412114798769,0.547053388970053,0.789870040693638,-1.64271681914126,0.629607548172369,0.51103963163815,0.245721527579446,0.123036847506432,0.677301757123508,-1.33396886623988,-0.779345413519679,0.316266286473593,-0.596337644678857,1.16523770906707,0.233921145063657,0.862892186355538,0.208744970643106,0.110669522786691,0.657167587053134,0.240954528030836,0.751492326942415,-0.24532888942916,-0.924613922606027,1.78646346997456,-0.218253774191915,0.748061383309882
"94",0.024411076428328,0.907316925271255,0.87076477358042,-0.149896465071268,4.07837075028934,0.0372782152182787,0.806815113374064,0.0744278399502033,0.0139413566567285,-1.42124946819546,-0.010251917818807,1.05399999232667,0.434064736813528,0.320692213296952,-0.755975974009776,0.116079637596102,0.540483327165896,-0.927297533771023,0.0532021287829214,0.851707594995724,1.84081365906946,0.898271419145742,-0.0983574344504736,-0.643881883125762,-0.825604648519932,-0.676284537158441,1.2893151873146,0.860958957283507,0.125830028290261,0.155538533283388,0.923607736532945
"95",-4.47737908871519,0.0308996575493097,0.640431052491749,0.278626647359671,0.815378271828322,1.56789169263764,-0.304133535794076,-0.190323735141256,0.0499634247116593,-2.41829559501514,1.58892640124733,-0.784370080149808,0.655211580485165,1.27274220547796,-0.442666029941115,0.729554277574612,1.23389323477429,0.0621331557997662,0.211674120772586,1.87802739553195,-2.00513556236773,-0.34642674019824,-1.57620465503542,-0.810784283163723,0.67665039240809,-0.977282303472776,-0.409597899534777,0.147883017513104,0.127688540518939,-0.876493505290468,-0.795930305511501
"96",0.370062007951761,0.102726758907538,0.256315358272927,-0.294720330608853,0.446110421124888,0.344283648177383,1.42845859723823,-0.553738791085376,0.189841208684387,-0.464739466965632,-0.505964930453022,-0.327020294890162,0.0468647078466698,-1.49989078728662,-0.105566121759028,-0.681273515063897,0.476084406201423,-2.07512411839679,-0.126536471215037,0.609580045247418,0.553723236923208,-1.11882915989801,-0.230190023006917,0.304758199156263,-2.36684990468651,1.32628470198378,0.721194581558481,-0.772382945175292,-0.317033209053813,0.762523841444242,0.77490298840933
"97",-3.48662497847773,0.226612721565617,-0.136671605024725,1.27563525590537,-0.669633802350622,-2.45663786229482,0.0993111367849188,0.00341801589030249,-0.630290438510601,3.37260018778485,-0.08314520891756,0.741586943405806,0.680680518991513,-0.420222664231546,-0.454085924287046,-0.692755715191611,1.0606961175956,0.439682472192227,-0.942932069111249,0.107886197542554,-0.0658952514820089,-1.39778352479312,-0.790575298199542,0.0963430556350653,1.22365419464233,1.78680117014457,-0.654984127811046,-1.2577542662802,0.806638975828634,0.189792651971529,1.71806212135589
"98",7.02945635043719,0.0699579070536398,-1.66297535751197,0.593104591424166,1.50883239188943,0.290492097344878,-0.81476442462372,-0.788220724917498,0.506178631658649,-0.247320590368891,-0.341892203630129,0.73636581178516,0.454996162384169,-0.240276692941597,-1.65198297931713,0.32062644731687,0.432023627698768,-1.7885884697755,0.664018635430674,0.533460114376187,0.105873423317457,0.192807672595663,0.203127193984197,-0.940535833004012,-0.284073676923244,-0.547690946221576,-0.709155686904421,0.970129845023117,0.097442592080296,1.19229855457364,-0.525199589713443
"99",3.31594259402476,-0.304620390128489,-1.05138891954472,1.13141050941842,-0.170999219287184,-0.350637321908245,1.38533259675682,-0.258858220584666,-2.04052026179896,-0.94544656259265,-0.669976576311013,-0.748158123831604,-0.0420887094926117,-1.40096343504837,1.12984643477745,-0.154570097608179,0.436192024092289,-1.46872433699732,-1.29076566034767,-0.300713201735848,-0.935576273690782,0.243469671779251,-0.783442687938765,0.74340448466839,0.288761574289286,-1.79464025782545,0.615955873634896,-1.61399236592301,-1.18418687919957,-0.382820834320643,-1.40570685084586
"100",0.610472116227216,1.22890103372428,1.57946201236281,0.737212513144006,0.29229334188958,-0.353065677910739,-1.64310416919051,-0.792503320533364,-1.23637536593043,1.03328484310552,-0.630393332829045,0.0268912414531924,-0.231313892389692,-0.765249822244996,-0.625809589774845,-0.173324126281185,-1.06480724107891,0.471400235680594,0.35533053229566,-0.77011044697817,0.0477292874211352,0.844223510756458,-0.0257610935341778,0.398206499297401,1.13699443645231,0.5992665580374,0.113413351790914,-0.129501238411644,1.17281527896636,0.79626690185203,-0.0597559233406122
